Region,Central,Central,Central,East,East,East,South,South,South,West,West,West
Month_Aging,0,1,12,0,1,12,0,1,12,0,1,12
Discount,25.039999999999996,18.32,19.819999999999997,18.7,10.200000000000001,19.4,15.799999999999995,10.1,7.15,14.350000000000001,13.300000000000002,11.95
Profit,-1518.5954000000006,597.5207,1470.7464,9390.2568,7637.881700000002,-4842.241900000001,-1624.8074000000004,-2243.235000000001,2940.2781,3443.249700000001,3283.1080999999995,4442.624900000001
Quantity,405.0,240.0,378.0,539.0,319.0,426.0,340.0,187.0,193.0,556.0,387.0,409.0
Sales,15154.978,12122.336200000002,16910.316799999997,45633.638999999996,32305.200000000004,22982.089000000004,28717.421000000002,12136.951,15596.555,28941.786999999997,21212.436,23923.005000000005
